activity_type,env_score_adjustment
Disposal ,0.028781524875
End-use,-0.014356262062500003
Farming,-0.13122659086666666
Manufacturing,-0.08505223479069768
Operation,-0.16379989548872181
Other,-0.14526716236923076
Raw materials,-0.2582658831282051
Transportation,0.02986694966666667
